{
	"contentManagement": [
		{
			"title": "管理OSS",
			"icon": "&#xe7ae;",
			"href": "page/oss/AdminOss.html",
			"spread": false
		}
	],
	"systemeSttings": [
		{
			"title": "网站设置",
			"icon": "&#xe631;",
			"href": "page/systemSetting/basicParameter.html",
			"spread": false
		},
		{
			"title": "OSS设置",
			"icon": "&#xe631;",
			"href": "page/oss/setConfig.html",
			"spread": false
		}
	],
	"seraphApi": [
		{
			"title": "OSS配置教程",
			"icon": "icon-mokuai",
			"href": "https://wums.cn/archives/AMoliCloud-deploy.html",
			"spread": false
		}
	]
}